,story_key,bertscore_precision,bertscore_precision,bertscore_precision,bertscore_recall,bertscore_recall,bertscore_f1,bertscore_f1,fact_presence_avg,fact_presence_avg
,,mean,std,count,mean,std,mean,std,mean,std
0,ai_regulation,0.011370108923874795,0.12873911812100544,50,0.21086302986368538,0.22741696307034168,0.10947188769001513,0.16455191623938178,0.35970996499061586,0.25394651524143025
1,climate,0.11024324132245965,0.17063831822141165,50,0.21007573362439871,0.3264642772887568,0.15938198909163476,0.24046890901759538,0.527623407393694,0.21877702458614454
2,housing,0.12203228771686554,0.1691432557039673,50,0.3042705790523905,0.3188085715439694,0.21119035214185714,0.23410617986060597,0.6136401478946208,0.2863896448940078
3,tariffs,0.08452210016199388,0.15790585389248193,50,0.17164023289456964,0.30487165226631935,0.1275108930375427,0.22251539273230708,0.4638200435042381,0.23616419072427822
4,vaccines,0.10505495461286046,0.17753858015130525,50,0.2404797503608279,0.34552983251111763,0.17146418881602585,0.2533713764522985,0.5306892894208431,0.2799506536836905
